Concesionario;Departamento;Localidad;Direccion;Latitud;Longitud;Teléfono;Gasoil 50-S;Super 30-S;Premium 30-S;Gasoil 10-S
ERGUS S.R.L.;MONTEVIDEO;BARRIO SUR;Rbla. Rep. Argentina S/N y Ejido;-34.9151382456778;-56.1851344679551;29015873;SI;SI;SI;SI
ESTACION BUCEO LTDA.;MONTEVIDEO;BUCEO;Avda. Gral. Rivera 3705 y Anzani;-34.8993022465571;-56.1331110836692;26225624;SI;SI;SI;SI
MARNE LTDA.;MONTEVIDEO;PEREZ CASTELLANOS;Bvar. José Batlle y Ordóñez 3855 y Marne;-34.8654425367134;-56.1665696982929;24816104;SI;SI;SI;SI
CEROCA S.R.L;MONTEVIDEO;PEREZ CASTELLANOS;Pres. Ing. José Serrato 3250 y Avda. Damaso A. Larrañaga;-34.8620349586801;-56.1512933804332;25083927;SI;SI;SI;NO
CELEMYR S.A.;MONTEVIDEO;CORDÓN;Avda. 18 de julio 1928 y Arenal Grande;-34.9014581091286;-56.1742160523725;24090488;SI;SI;NO;SI
MALCAR S.R.L;MONTEVIDEO;CENTRO;Avda. Lib. Brig. Gral. Lavalleja 1572 y Paysandú;-34.901989838539;-56.1921073326873;29002032;SI;SI;SI;NO
URUSALVO S.R.L;MONTEVIDEO;PASO MOLINO;Ángel Salvo 149 y Manuel Herrera y Obes;-34.8635905253265;-56.2163956408508;23083240;SI;NO;NO;NO
MELTA LTDA.;MONTEVIDEO;MALVÍN;Avda. Italia 4304 y Caldas;-34.8876177554053;-56.1143094010137;26130921;SI;SI;SI;NO
RAISAN LTDA;MONTEVIDEO;CERRO;Avda. Dr. Carlos Ma. Ramírez 1695 y Grecia;-34.874327834803;-56.2509837464276;23111386;SI;SI;SI;NO
CASA ELIO OCAMPOS S.C.;SAN JOSE;SAN JOSÉ;Ruta 3 Km. 93 y Avda. J. P. Varela;-34.3808045908696;-56.5388634266434;43423509;SI;SI;SI;SI
SARETT, RUBEN ALEJANDRO;COLONIA;COLONIA;Ruta 1 Km.177.500;-34.4720134032542;-57.8421807700578;45222464;SI;SI;SI;SI
FONBAY S.R.L.;MALDONADO;MALDONADO;Avda. Aiguá S/N y Santa Teresa;-34.9080876568837;-54.9528709587357;42222021;SI;SI;SI;SI
ALERO AZUL;FLORES;TRINIDAD;Ines Durán 1061 y Presbítero Navea - Ruta 3 Km. 190;-33.5133120286844;-56.9081631510067;43642746;SI;SI;SI;NO
TAFIBEL S.A.;CANELONES;LA PAZ;Ruta 5 Km. 19.700 y Tomás Aldabalde;-34.7500396504015;-56.2533105315198;23623142;SI;SI;SI;SI
S.A.C. LTDA.;MALDONADO;PIRIÁPOLIS;Rbla. Rep. de los Argentinos S/N y Avda. Gral. Artigas;-34.8599303802132;-55.2839755823783;44322240;SI;SI;SI;SI
GABELER S.A. (EX MULTISERVICE);MALDONADO;MALDONADO;Avda. F. D. Roosevelt S/N y Zelmar Michelini;-34.9142012673094;-54.9607390743361;42236091;SI;SI;SI;SI
JUAN E. CARIBONI PEREIRA;ROCHA;CHUY;Avda. Gral Artigas 209 y Samuel Priliac;-33.694712223;-53.4553204409485;44742013;SI;SI;NO;NO
DAGUSSI LTDA.;SORIANO;SANTA CATALINA;Ruta 2 Km. 197;-33.7907221712466;-57.4918407128774;45388036;SI;SI;SI;NO
MARTINEZ YARZA BARNEY;CERRO LARGO;MELO;Bvar. Francisco Mata S/N y Dr. Eber da Rosa;-32.3756780648119;-54.165653247861;46423526;SI;SI;NO;NO
FRANCOLINO HNOS. S.R.L.;PAYSANDU;PAYSANDÚ;Avda. España S/N y Juncal;-32.3183929212801;-58.074402219864;47224517;SI;SI;SI;SI
PETROVOLPE S.R.L.;PAYSANDU;PAYSANDÚ;Charrùas 1113 y 19 de abril;-32.3141639892598;-58.0829549212566;47225267;SI;SI;SI;NO
SILVEIRA S.R.L.;SALTO;SALTO;Avda. Agraciada 1109;-31.3930881665582;-57.9461462623435;47332513;SI;SI;SI;SI
MIGLIARO Y CIA.;SALTO;SALTO;Blandengues S/N y Avda. Enrique Amorìn;-31.3887531286596;-57.9515110966526;47334379;SI;SI;SI;NO
LUNA LTDA.;MONTEVIDEO;ATAHUALPA;Bvar. Artigas 3785 y Burgues;-34.8713192188308;-56.1856588439582;22034811;SI;SI;SI;NO
SINTEL S.A.;FLORIDA;FLORIDA;Ruta 5 Km. 100 y Ruta 56;-34.0973527490334;-56.19616941398;43522926;SI;SI;SI;SI
DRESUR S.A.;DURAZNO;DURAZNO;Ruta 5 Km. 184,500 Joaquín Suárez;-33.39372950335225;-56.522913232585616;43622549;SI;SI;SI;SI
ECHENIQUE GOMEZ LTDA.;SORIANO;MERCEDES;Avda. Lavalleja y Ruta 2;-33.222757880516;-57.7244340652582;45322300;SI;SI;NO;SI
TARAN Y CIA S.A.;CANELONES;PANDO;Ruta 8 Km. 30,  Avda. F.D. Roosevelt S/N y Piedras;-34.7247905460506;-55.961591392849;42922001;SI;SI;SI;NO
RODINO Y MIGNOT S.R.L.;RIVERA;RIVERA;Carlos Reyles 1061 y Agraciada ;-30.9040970153943;-55.5440631354776;46542129;SI;SI;SI;NO
ADINEL S.A.;TACUAREMBO;TACUAREMBÓ;18 de Julio 418 y Consejal Catalogne;-31.7184656226436;-55.9857575788219;46331258;SI;SI;SI;SI
PARAJE DIAMANTE;MALDONADO;SAN CARLOS;Avda. Alvariza S/N y 18 de Julio;-34.7926910683124;-54.9207516543616;42669156;SI;SI;SI;SI
FERRE-CAR CANELONES LTDA. ;CANELONES;CANELONES;Gral. Aparicio Saravia S/N y José Rosa Giffuni;-34.5326991153577;-56.2788137300656;43322569;SI;SI;NO;SI
DAMIMAR LTDA.;COLONIA;COLONIA VALDENESE;Ruta 1 Km. 121.500 y General Artigas;-34.3363051568277;-57.258848369926;45588824;SI;SI;SI;SI
TELLAGORRY S.R.L.;LAVALLEJA;MINAS;Diagonal Oribe S/N y Avda. Luis A. de Herrera;-34.3759199469805;-55.2464062957743;44423727;SI;SI;SI;SI
BREGU S.R.L.;CANELONES;LAS PIEDRAS;Avda. Dr. Pouey 668 y Francisco Soca;-34.7292388091654;-56.2239817992406;23645570;SI;SI;NO;NO
RUTA 11 S.R.L.;CANELONES;SAN JACINTO;Avda. Gral. Artigas S/N y Ruta 11;-34.5473173523739;-55.8729465983284;43992658;SI;SI;SI;SI
GONPE S.R.L.;CANELONES;SAN RAMÓN;Avda. Gral. Artigas S/N y Penela;-34.2873729884297;-55.9567009912846;43122126;SI;SI;SI;NO
ROCCA Y CIA. (RUTA) ;ROCHA;ROCHA;Ruta 9 Km.  206.400;-34.4963512424438;-54.3272183852905;44724047;SI;SI;SI;SI
MEC S.R.L.;CANELONES;LAS PIEDRAS;Avda. Gral. Artigas S/N y Rep. Argentina;-34.6073777777778;-56.3572555555556;23644573;SI;SI;SI;NO
VERDERA E HIJO S.R.L.;MONTEVIDEO;PRADO;Avda. Millán 3771 y Avda. L. A. de Herrera;-34.8586718103762;-56.1961163472325;23362197;SI;SI;SI;NO
LAN-CAM S.R.L.;MONTEVIDEO;COLÓN;Avda. Eugenio Garzón 1599 y Bvar. Aparicio Saravia;-34.8154407433827;-56.2206345763076;23201837;SI;SI;NO;NO
VOLPE HNOS LTDA. ;RIO NEGRO;YOUNG;Montevideo 3194 y 12 de Octubre - Ruta 3 Km. 309;-32.7044321148467;-57.6316600636999;45672233;SI;SI;SI;SI
HERNANDEZ MORENO WALTER;MONTEVIDEO;SAYAGO;Avda. Garzón 1028 y Con. Ariel ;-34.8309864478334;-56.2205082670105;23599247;SI;SI;SI;SI
SD VARELA;LAVALLEJA;JOSE PEDRO VARELA;Con. Nacional y 18 de julio S/N a 100 mts. Ruta 8 Km. 257 ;-33.455627777777;-54.5289361111111;44558970;SI;SI;NO;NO
SERVICIOS CARMELO S.A.;COLONIA;CARMELO;Ruta 21 Km. 255.500;-34.020662618505;-58.2575330627544;45422484;SI;SI;NO;SI
AROSA S.C. ;ARTIGAS;ARTIGAS;Pte. Berreta 350 y Río Branco;-30.4014672200694;-56.4651336830903;47722934;SI;SI;NO;NO
AGENCIA PINAMAR  S.R.L.;CANELONES;PINAMAR;Ruta Interbalnearia Km.36,200 y Avda. Los Pinos;-34.7788158347374;-55.862523329709;43767035;SI;SI;SI;SI
MASART S.R.L.;COLONIA;TARARIRAS;Avda. Kennedy s/n y Cno. de los Sauces;-34.2696735710905;-57.6048613064469;45744075;SI;SI;NO;NO
XIVILLIER  HNOS. S.R.L.;FLORES;TRINIDAD;Alfredo J. Puig 661 y Santísima Trinidad;-33.518037707707;-56.8963625767737;43642413;SI;SI;NO;NO
VICTORIA 1;TACUAREMBO;PASO DE LOS TOROS;Bvar. Gral. J. G. Artigas 208 y Emilia Grassi;-32.81540025749691;-56.50323560836984;46646306;SI;SI;SI;NO
SUC. DE BORDOLI RICARDO;RIO NEGRO;FRAY BENTOS;Ruta 2 Km. 308.300;-33.1442184801296;-58.2857308588476;45622921;SI;SI;NO;NO
RECA LTDA.;CANELONES;SAUCE;Ruta 6 (Vieja) Km. 35.500 y Treinta y Tres;-34.646610391536;-56.0586404479078;42940486;SI;NO;NO;NO
ESTACIÓN LAGOMAR LTDA.;CANELONES;LAGOMAR;Avda.Ing. Luis Gianattasio Km. 21 y Buenos Aires;-34.8391388584023;-55.9891887905255;26822002;SI;SI;NO;NO
OFELIA R. PAGGI CHAPPUIS;PAYSANDU;PARADA ESPERANZA;Ruta 90 Km. 6.500;-32.3252265175427;-58.0367741232812;47229527;SI;SI;NO;NO
AUTOMOVIL CLUB DEL URUGUAY ;MONTEVIDEO;CENTRO;Colonia 1291 y Yi;-34.9045465145296;-56.188888398217;1707 int;SI;SI;NO;NO
FERRECAR SOC.COLECTIVA;CANELONES;SANTA LUCÍA;Sarandí 648 y Benito Nardone;-34.4590635776246;-56.3896091186605;43346160;SI;SI;NO;NO
BERA LTDA.;SAN JOSE;TROPAS VIEJAS;Ruta 1 (vieja) Km. 31.800;-34.5589244695979;-56.7451911908238;43479383;SI;SI;NO;NO
FAVIL LTDA.;DURAZNO;SARANDÍ DEL YI;Pte. Berro 604 y Rincón;-33.3442254986427;-55.628363282605;43679719;SI;SI;NO;NO
MARIMAR S.A.;TREINTA Y TRES;TREINTA Y TRES;M. Melendez 497 y Areguati;-33.2297380667635;-54.3817392499533;44522810;SI;SI;NO;SI
MIVIDAL S.A:;TREINTA Y TRES;TREINTA Y TRES;Ruta 8 Km. 285;-33.235796583272;-54.3977023636491;44526558;SI;SI;NO;SI
INSUPERABLE  S.A.;DURAZNO;DURAZNO;Ruta 5 Km. 183.500 y Pablo Galarza;-33.3873714626718;-56.522503846467;43622477;SI;SI;NO;SI
MARTINEZ MANZIONE S.R.L.;FLORIDA;CERRO COLORADO;Ruta 7 Km. 143.500;-33.8655631962555;-55.55083935072;43182048;SI;SI;NO;NO
SERVI-TEXXA S.R.L.;SAN JOSE;SAN JOSÉ;Ruta 3 Km. 92.500;-34.3351529538244;-56.7326574244788;43423776;SI;SI;SI;SI
PINARES DE ATLANTIDA;CANELONES;ATLÁNTIDA;Ruta Interbalnearia Km. 46.600;-34.7652111731757;-55.7552484096667;43725107;SI;SI;SI;SI
ESTEKORAL S.A.;ROCHA;LA PALOMA;Avda. Nicolás Solari S/N y Del Puerto;-34.6600141473182;-54.1550464317564;44796089;SI;SI;SI;SI
SANTOS LTDA. HUGO;CANELONES;TALA;Tomas Berreta S/N esq. Gúzman Azuaga;-34.531598496852;-56.1443008850687;43152014;SI;SI;SI;SI
PETITMAR S.A.;COLONIA;COLONIA;Aparicio Saravia 991 y G. Moreno;-34.454354954864;-57.8401445095521;45226350;SI;SI;SI;SI
ILEM LTDA.;COLONIA;JUAN LACAZE;Avda. Artigas 670 y Roma;-34.4277493842574;-57.4442607155145;45865420;SI;SI;SI;NO
MARIMAR S.A.;ARTIGAS;BELLA UNION;Ruta 3 Km. 623 y camino J. Beninca;-30.2721014807402;-57.5862891003809;47792758;SI;SI;SI;NO
TIFELCAR S.A.;ARTIGAS;ARTIGAS;Telmo García da Rosa y By Pass Ruta 30;-30.4147515798389;-56.4839840212686;47726205;SI;SI;SI;NO
MOTTA Y CIA LTDA.;TREINTA Y TRES;CERRO CHATO;Julio A. Goday esq. Manuel Oribe ;-33.1004472247345;-55.1310837122059;44662016;SI;SI;SI;NO
ARCO LTDA.;CANELONES;PROGRESO;Ruta 5 Vieja Km. 29;-34.6632490845727;-56.2217502753415;43689020;SI;SI;NO;NO
B D B LTDA.;CANELONES;CANELONES;Ruta 11 Km.102.200;-34.513346984979;-56.2460278514791;43325062;SI;SI;SI;SI
ORBITAX S.A.;COLONIA;FLORENCIO SANCHEZ;Ruta 2 y 25 de Agosto;-33.8749510184692;-57.3726997718499;45369174;SI;SI;SI;SI
DISTANCIA S.A.;TACUAREMBO;TACUAREMBÓ;Ruta 5  Km. 388;-31.726555175719;-55.9719360309188;46323079;SI;SI;SI;SI
MARFALUB S.A.;RIVERA;RIVERA;Luis A. De Herrera 1255 (Ruta 5 Km. 500);-30.9150581448768;-55.5393813078989;46227770;SI;SI;SI;SI
RUBEN CARREIRA PEREIRA;RIVERA;VICHADERO;Bvar. Artigas S/N;-31.7799825189675;-54.6918381550108;46542019;SI;SI;NO;NO
BOSQUE ALTO S.A.;RIO NEGRO;FRAY BENTOS;Ruta 2 y Ruta 24;-33.16703134544582;-58.18110104265305;45602905;SI;SI;SI;SI
SEDALER S.A.;MONTEVIDEO;BELLA VISTA;Rbla. Baltasar Brum 3038;-34.8774578824822;-56.206678726344;22093809;SI;SI;SI;SI
ROBLE FUERTE S.A.;COLONIA;ROSARIO;Ruta 2 Km. 129.500;-34.32220951113354;-57.349849526492875;45522819;SI;SI;SI;SI
HDO;COLONIA;NUEVA HELVECIA;Avda. José Batlle y Ordóñez 652 Y Gral. Bion;-34.30337844223469;-57.23439306971584;45544250;SI;SI;SI;NO
ILANIR S.A;SORIANO;DOLORES;Ruta 21 Km. 320;-33.517785981638;-58.2039532914736;45343735;SI;SI;NO;SI
COMPAL S.R.L.;COLONIA;NUEVA PALMIRA;José Enrique Rodó S/N y Perú;-33.8720050985309;-58.411112422773;45446085;SI;SI;SI;SI
TONYTEC S.A;LAVALLEJA;MINAS;Roosvelt y Sarandí;-34.3764354786149;-55.2405629336132;44428526;SI;SI;SI;NO
MARIMAR S.A. (MELO);CERRO LARGO;MELO;Ejido y 18 de Julio;-32.3632924986013;-54.1663481968103;46423380;SI;SI;SI;SI
CARAGUATA SRL;TACUAREMBO;CARAGUATÁ;Ruta 26 Km. 355;-32.232640001147;-54.9667235081703;46309190;SI;SI;NO;NO
G Y F LTDA;CERRO LARGO;RIO BRANCO;Ruta 26 Km. 86.500;-32.5969426331827;-53.3879223754915;46752145;SI;SI;SI;NO
DIAZ EULOGIO S.R.L.;ROCHA;LASCANO;Ruta 15 Km. 132 - 18 de julio 1481 y Montaldo;-33.678527442696;-54.2111344879625;44567415;SI;SI;NO;NO
CARLOS SENATRE Y CIA.;FLORIDA;FLORIDA;18 de Julio 356 y Dr. Gonzaléz;-34.0996009423359;-56.2111266308118;43522664;SI;SI;NO;SI
JOSE PEREIRA RUNCO;FLORIDA;SARANDÍ GRANDE;Ruta 5 Km. 139.500;-33.7235516670093;-56.3181870316843;43549143;SI;SI;SI;SI
PEREZUTTI ALFREDO E HIJO;PAYSANDU;GUICHON;Dr. Penza 269 y Avda. Gral. J. G. artigas;-32.3591710881948;-57.2030517639886;47422009;SI;SI;NO;NO
BASTIAN LDTA.;PAYSANDU;CONSTANCIA;Ruta 3 Km. 384;-32.2064457231336;-58.0018172330083;47202102;SI;SI;SI;NO
CARABAJAL GOMEZ;LAVALLEJA;MARISCALA;Ruta 8 Km. 182;-34.0465944528605;-54.7821173489527;44492401;SI;SI;SI;NO
BONILLA S.R.L.;LAVALLEJA;SOLIS DE MATAOJO;Ruta 8 Km. 81, Avda. Fabini S/N;-34.5911179393786;-55.4646434626033;44474081;SI;SI;SI;NO
RADIAL MERCEDES LTDA.;SORIANO;MERCEDES;Rodó 730;-33.2503213017548;-58.0300446350379;45322980;SI;SI;NO;SI
SUC. ROCCA LUIS A.;ROCHA;CASTILLOS;19 de Abril S/N y Treinta y Tres;-34.1982748799346;-53.8572147038145;4475-905;SI;SI;SI;NO
MAR Y SIERRA S.A.;MALDONADO;PAN DE AZÙCAR;Avda. José atlle y Ordóñez 595 y Washington Quintela ;-34.7772810221735;-55.2276146932484;44349077;SI;SI;SI;NO
G. Y F. LTDA. (VERGARA);TREINTA Y TRES;VERGARA;Joaquín Suárez S/N y Fortunato Jara;-32.9396899265181;-53.9371023458949;44582012;SI;SI;NO;NO
BUENA UNION SRL.;RIVERA;TRANQUERAS;Ruta 5 Km. 458;-31.2516076277866;-55.6639586916367;46506219;SI;SI;SI;SI
GALAXOR S.A.;SAN JOSE;LIBERTAD;Ruta 1 Km. 53.300;-34.62905576577;-56.6341532230667;43455309;SI;SI;SI;SI
ROCCA Y CIA S.A. (CENTRO) ;ROCHA;ROCHA;18 de Julio S/N y Orosmán de los Santos ;-34.4824810267569;-54.3321128851043;44722425;SI;SI;SI;SI
MARBI LTDA.;CANELONES;LOS CERRILLOS;Ruta 46 Km. 40, Máximo Tajes S/N;-34.6073777777778;-56.3572555555556;43362049;SI;SI;NO;NO
FERALVA LTDA.;MONTEVIDEO;PUNTA RIELES;Camino Maldonado Km. 13;-34.824018429174;-56.1011001515577;25145728;SI;SI;SI;SI
OTTONELLO;MONTEVIDEO;TOLEDO CHICO;Avda. de las Instrucciones 5555;-34.7527369066496;-56.1084118124496;22222041;SI;SI;NO;NO
PETROSUR LTDA.;MONTEVIDEO;RINCON DEL CERRO;Ruta 1 Km. 17.500 (Accesos);-34.81830298598196;-56.3443058633666;23121066;SI;SI;NO;NO
LA ESKINA 8;MONTEVIDEO;BLANQUEADA;8 de Octubre 3181;-34.8814464813851;-56.151958247215;24860955;SI;SI;SI;NO
DAFINET S.A;CANELONES;CANELONES;Ruta 8 Km. 42;-34.6939943164773;-55.8568967745701;22956476;SI;SI;SI;NO
AROCENA;MONTEVIDEO;CARRASCO;Avda. Arocena 1604 ;-34.8872049152998;-56.0577311585623;26001922;SI;SI;SI;SI
ALQUIMIA 4;MONTEVIDEO;VILLA GARCÍA;Ruta 8 Km. 19;-34.7925311075222;-56.0678359463779;22278359;SI;SI;NO;NO
RAGGIOTTO;MALDONADO;AIGUÁ;Gral. De la Llana S/N entre Margarita Muniz y 18 de julio;-34.2018740824614;-54.7663482559881;44462120;SI;SI;NO;NO
DROVANDI;SORIANO;JOSÉ E. RODÓ;Ruta 2 Km. 208.500;-33.7007410538822;-57.5263463054294;45382135;SI;SI;SI;SI
PETROCAMPO;SORIANO;JOSÉ E. RODÓ;Ruta 2 Km. 217;-33.6268892632613;-57.5728162317727;45308072;SI;SI;NO;NO
CATALINA I;TACUAREMBO;PASO DE LOS TOROS;Ruta 5 Km. 251;-32.7933601764952;-56.5203690958288;46642117;SI;SI;SI;NO
PRESENTI S.A;COLONIA;CONCHILLAS;Ruta 5 Y Camino de la Palmera;-34.16265482292692;-58.01208962566072;45707340;SI;SI;SI;SI
RADIAL MERCEDES RUTA;SORIANO;MERCEDES;Ruta 2 Km. 277.800;-33.2616505600024;-58.0179138954944;45322981;SI;SI;SI;SI
FORTEX SRL;CANELONES;PANDO;Ruta 8 Km. 30.500;-34.7257579663551;-55.9634300199222;22922277;SI;SI;SI;NO
JILFER SA.;SAN JOSE;SAN JOSE DE MAYO;Ruta 1 Km. 66;-34.458341145228495;-56.90480754431383;43462019;SI;SI;SI;NO
PARQUE DEL PLATA;CANELONES;PARQUE DEL PLATA;Ruta Interbalnearia Km. 51;-34.7499792667787;-55.7087870135513;43755179;SI;SI;SI;SI
NICRE LTDA.;MONTEVIDEO;AGUADA;Fernandez Crespo 2197;-34.8936001821087;-56.184655381152;29242625;SI;SI;SI;NO
MILEBAN S.A;MONTEVIDEO;TRES CRUCES;Democracia 1740;-34.8966931939277;-56.1757632316237;24004446;SI;SI;SI;NO
J.S LTDA.;MONTEVIDEO;MENDOZA;Camino Mendoza 6044;-34.7904524896352;-56.1653674130646;2226524;SI;SI;SI;NO
BETBEDER Y GOLFARINI;MALDONADO;PUNTA BALLENA;Ruta 3 Km. 118;-34.8788175378426;-55.0524875381706;42578251;SI;SI;SI;SI
PREMAZZI;SORIANO;DOLORES;Avda. Grito de Asencio y Avda. Agraciada;-33.5329353823951;-58.2154578518864;45342326;SI;SI;SI;NO
PJE. DIAMANTE PERIMETRAL;MALDONADO;MALDONADO;Ruta 39 y Luis Herrera;-34.88135924276219;-54.95030590399361;;SI;SI;SI;SI
LAFLUF;RIO NEGRO;RIO NEGRO;Ruta 3 Km., 278;-32.8964077062375;-57.4320218878545;45607540;SI;SI;SI;NO
SAN LUIS LTDA;CANELONES;SAN LUIS;Ruta IB Km. 63.500 ;-34.76986958137494;-55.57656021907872;43782051;SI;SI;SI;NO
TEXOIL;MALDONADO;MALDONADO;Cmo. Chiringuito y calle 2;-34.8867183697394;-54.9774827434272;42243630;SI;SI;SI;SI
DINEX;CANELONES;CANELONES;Rbla. Costanera S/N y Lavalleja;-34.8782140073249;-56.0300425721562;26015358;SI;SI;SI;NO
EL FARO;MONTEVIDEO;PUNTA CARRETAS;Rbla. Pte. Wilson S/N y Bvar. Artigas;-34.9283126218126;-56.1627358437914;27106568;SI;SI;?;?
KANTA S.A;MONTEVIDEO;MANGA;JOSE BELLONI 4643;-34.8172220945752;-56.1395636815054;22277312;SI;SI;SI;NO
GARAGE URUGUAY;SALTO;SALTO;Wilson Beltrán y Uruguay;-31.3892135849843;-57.9529170708473;;SI;SI;SI;NO
LA CORONILLA S.R.L;ROCHA;LA CORONILLA;RUTA 9 Km. 314,400;-33.89326403953;-53.5253484997062;;SI;SI;SI;NO
LA ESTACIÓN S.R.L;MALDONADO;PUNTA DEL ESTE;Ruta 10 Km. 159.800;-34.9104135549018;-54.8655395972089;;SI;SI;SI;SI
ARANDU S.R.L;MONTEVIDEO;CIUDAD VIEJA;Rambla Gran Bretaña S/N y Ciudadela;-34.9102283399293;-56.2007861120773;29151565;SI;SI;SI;NO
SILVEIRA HNOS.;SALTO;SALTO;RUTA 3 Km. 495 Y JOSE P. VARELA;-31.3930881665582;-57.9461462623435;45609000;SI;SI;SI;NO
GASOLINERA CORTINAS LTDA.;FLORES;ISMAEL CORTINAS;Ruta 12 y Ruta 23 Ismael Cortinas;-33.9592997881662;-57.0910531525896;45392037;SI;SI;SI;NO
CHARITON S.A. ;MONTEVIDEO;MENDOZA;Camino Pedro de Mendoza 5895;-34.8066522076548;-56.1617280570182;22224712;SI;SI;NO;NO
ESTACION CAPURRO;MONTEVIDEO;CAPURRO;URUGUAYANA 3497 Y CAPURRO;-34.8702251523887;-56.2091292189734;23091628;SI;SI;NO;NO
ROMILDO PEREYRA;CANELONES;SAN RAMÓN;Avda. José Batlle y Ordóñez 1805;-34.2990619902401;-55.9578099400103;;SI;SI;NO;NO
AGNOVI;TACUAREMBO;ANSINA;Ruta 44 Empalme con Ruta 26;-31.8794246141633;-55.4618917497974;46309109;SI;SI;NO;NO
RUTA 12;COLONIA;NUEVA PALMIRA;Ruta 12 Km. 4;-33.88421081772297;-58.38242617069948;45448888;SI;SI;SI;NO
ESTACION OLIMPIA;MONTEVIDEO;COLON;Avda. César Mayo Gutierrez 2164;-34.7974956964899;-56.2242736127377;23209113;SI;SI;SI;SI
FESTYLEND;MALDONADO;MALDONADO;Avda Aigua y cmno de los gauchos;-34.9077313891096;-54.9431229533583;42238823;SI;SI;SI;NO
PUNTA DEL ESTE SRL ;MONTEVIDEO;MALVÍN;Avenida Italia 3640;-34.886974556233;-56.1350281173391;25086691;SI;SI;SI;NO
MANS S.R.L ;CANELONES;SAN BAUTISTA;Ruta 6 Km. 62.200 S. Bautista;-34.4386299786136;-55.9639338832655;43136037;SI;SI;NO;NO
GRAND PRIX;MONTEVIDEO;PUNTA GORDA;Avda. Italia 5057 esq. Gallinal;-34.8854143283036;-56.0988028654213;26136168;SI;SI;SI;NO
TAKEL LTDA;MONTEVIDEO;LA TEJA;CARLOS MARÍA RAMIREZ 798;-34.8647765874044;-56.2347331158067;43136037;SI;SI;SI;NO
MOUNTLINE SA;CANELONES;CANELONES;Ruta Interbalnearia Km. 48;-34.76025453838366;-55.7379287134466;43722627;SI;SI;SI;NO
GUSTAVO CLAUDIO;CANELONES;TALA;José Alonso y Trelles y Avda. Gral. Artigas, 91400;-34.3625797020768;-55.7751172304281;43154525;SI;SI;SI;NO
OMAR FERIS;SALTO;SALTO;Agraciada 801 y Asencio;-31.3842561825492;-57.9645449192366;47332851;SI;SI;SI;NO
PONTINVREA;MONTEVIDEO;JACINTO VERA;Gral. Flores 3090 y Bvar. Artigas;-34.8705629996249;-56.1740732833183;22090289;SI;SI;SI;NO
ALBERTO MORALES ;MONTEVIDEO;SANTIAGO VAZQUEZ;Luis Batlle Berres 144 y Laguarda;-34.7885805771184;-56.3538257255509;23120040;SI;SI;NO;NO
B & G ;MALDONADO;MALDONADO;Ruta 10 y Ruta 109 J. Ignacio;-34.8352586713875;-54.6430695216615;;SI;SI;SI;SI
VIMPEL;MALDONADO;MALDONADO;Parada 5 Avda. Pedragosa S/N y Roosvelt;-34.9426150348406;-54.9313763034512;;SI;SI;SI;SI
ITINOL SA;CANELONES;LAGOMAR;Rambla Costanera y Ecuador;-34.8603950157354;-55.9961709410081;26824794;SI;SI;SI;SI
HASFELY;FLORES;TRINIDAD;RUTA 3 Y PANCHO LOPEZ;-33.5280081306694;-56.8951767815148;43642290;SI;SI;SI;SI
LARRAÑAGA;MONTEVIDEO;MONTEVIDEO;Luis Alberto de Herrera 2803 ;-34.877666236580446;-56.15636546403464;24818100;SI;SI;SI;SI
RAMON VARELA;MONTEVIDEO;MONTEVIDEO;Damaso Antonio Larrañaga 4206 ;-34.8587211113343;-56.1501634821614;25080619;SI ;SI;NO;NO
SERVICAR CARDONA;COLONIA;CARDONA;Ruta 12 y 25 de Agosto;-33.8755377646216;-57.372686119836025;45362001;SI;SI;SI;SI
SINDEY SRL;MONTEVIDEO;CARRASCO;Avda. Italia 6740 ;-34.85856932774996;-56.15024440061525;26000850;SI ;SI;NO;NO
FRAYLE MUERTO;CERRO LARGO;FRAYLE MUERTO;Ruta 7 y Tramo 44;-32.5078398505603;-54.5195715355402;46889035;SI ;SI;NO;NO
CARDAL S.A;FLORIDA;CARDAL;Jose G. Artigas  95.200 Esq Rodó;-34.291790126561;-56.3934749856357;43398023;SI ;SI;NO;NO
LANPONT;MALDONADO;BALNEARIO BUENOS AIRES;Calle 49 y 34;-34.88478852902883;-54.78980941153415;;SI;SI;SI;SI
CASUPA;FLORIDA;CASUPA;Ruta 7 Km. 110 y Manuel Francisco de Artigas;-34.1000884939572;-55.6536038897928;;SI ;SI;NO;NO
ROSTAN;RIO NEGRO;FRAY BENTOS;18 DE JULIO 1949 Y COLON;-33.12344926015335;-58.30005714318862;45622617;SI;SI;SI;NO
